filename,queried,matched_taxon,license,attribution,source_url
alpine-ash.jpg,Eucalyptus delegatensis,Eucalyptus delegatensis,cc-by-nc,"(c) Dean Nicolle, some rights reserved (CC BY-NC), uploaded by Dean Nicolle",https://inaturalist-open-data.s3.amazonaws.com/photos/70311886/medium.jpg
angled-lobelia.jpg,Lobelia anceps,Lobelia anceps,cc-by-nc-sa,"(c) Michael Keogh, some rights reserved (CC BY-NC-SA), uploaded by Michael Keogh",https://inaturalist-open-data.s3.amazonaws.com/photos/188689219/medium.jpeg
annual-fireweed.jpg,Senecio glomeratus,Senecio glomeratus,cc-by,"(c) Jon Sullivan, some rights reserved (CC BY), uploaded by Jon Sullivan",https://inaturalist-open-data.s3.amazonaws.com/photos/10604658/medium.jpg
austral-bracken.jpg,Pteridium esculentum,Pteridium esculentum,cc-by-sa,"(c) jirau, some rights reserved (CC BY-SA)",https://inaturalist-open-data.s3.amazonaws.com/photos/452392932/medium.jpeg
austral-brooklime.jpg,Gratiola peruviana,Gratiola peruviana,cc-by-nc,"(c) Graham Zemunik, some rights reserved (CC BY-NC), uploaded by Graham Zemunik",https://inaturalist-open-data.s3.amazonaws.com/photos/12053552/medium.jpeg
austral-grass-tree.jpg,Xanthorrhoea australis,Xanthorrhoea australis,cc-by-nc,"(c) Susan Kruss, some rights reserved (CC BY-NC), uploaded by Susan Kruss",https://inaturalist-open-data.s3.amazonaws.com/photos/69451016/medium.jpeg
austral-indigo.jpg,Indigofera australis,Indigofera australis,cc-by-nc,"(c) bennybotany85, some rights reserved (CC BY-NC), uploaded by bennybotany85",https://inaturalist-open-data.s3.amazonaws.com/photos/94586135/medium.jpg
austral-seablite.jpg,Suaeda australis,Suaeda australis,cc-by-nc,"(c) distinguished_orca, some rights reserved (CC BY-NC), uploaded by distinguished_orca",https://inaturalist-open-data.s3.amazonaws.com/photos/245897940/medium.jpeg
australian-gipsywort.jpg,Lycopus australis,Lycopus australis,cc-by-nc-sa,"(c) Reiner Richter, some rights reserved (CC BY-NC-SA), uploaded by Reiner Richter",https://inaturalist-open-data.s3.amazonaws.com/photos/352881675/medium.jpeg
australian-salt-grass.jpg,Distichlis distichophylla,Distichlis distichophylla,cc-by-nc,"(c) Nick Fitzgerald, some rights reserved (CC BY-NC), uploaded by Nick Fitzgerald",https://inaturalist-open-data.s3.amazonaws.com/photos/245795099/medium.jpg
bats-wing-fern.jpg,Histiopteris incisa,Histiopteris incisa,cc-by-nc-sa,"(c) Reiner Richter, some rights reserved (CC BY-NC-SA), uploaded by Reiner Richter",https://inaturalist-open-data.s3.amazonaws.com/photos/8446643/medium.jpeg
beach-spinifex.jpg,Spinifex sericeus,Spinifex sericeus,cc-by-nc-nd,"(c) sea-kangaroo, some rights reserved (CC BY-NC-ND), uploaded by sea-kangaroo",https://inaturalist-open-data.s3.amazonaws.com/photos/1488247/medium.JPG
beaked-fireweed.jpg,Senecio tenuiflorus,Senecio tenuiflorus,cc-by-nc,"(c) Bruce McLennan, some rights reserved (CC BY-NC), uploaded by Bruce McLennan",https://inaturalist-open-data.s3.amazonaws.com/photos/107701154/medium.jpeg
beaked-hakea.jpg,Hakea rostrata,Hakea rostrata,cc0,"no rights reserved, uploaded by Connor Margetts",https://inaturalist-open-data.s3.amazonaws.com/photos/576858596/medium.jpg
bindweed-wilsonia.jpg,Wilsonia backhousei,Wilsonia backhousei,cc-by-nc,"(c) Bernadette Lingham, some rights reserved (CC BY-NC), uploaded by Bernadette Lingham",https://inaturalist-open-data.s3.amazonaws.com/photos/585174980/medium.jpg
black-samphire.jpg,Tecticornia pergranulata,Tecticornia pergranulata,cc-by-nc-sa,"(c) Arthur Chapman, some rights reserved (CC BY-NC-SA)",https://inaturalist-open-data.s3.amazonaws.com/photos/33704686/medium.jpg
black-sheoak.jpg,Allocasuarina littoralis,Allocasuarina littoralis,cc-by,"(c) Max Campbell, some rights reserved (CC BY), uploaded by Max Campbell",https://inaturalist-open-data.s3.amazonaws.com/photos/96546720/medium.jpeg
black-wattle.jpg,Acacia mearnsii,Acacia mearnsii,cc-by-nc-sa,"(c) enbodenumer, some rights reserved (CC BY-NC-SA)",https://inaturalist-open-data.s3.amazonaws.com/photos/801655/medium.jpg
blackwood.jpg,Acacia melanoxylon,Acacia melanoxylon,cc-by-nc-sa,"(c) Tony Rodd, some rights reserved (CC BY-NC-SA)",https://inaturalist-open-data.s3.amazonaws.com/photos/5363/medium.jpg
blady-grass.jpg,Imperata cylindrica,Imperata cylindrica,cc-by-nc,"(c) wangleeping, some rights reserved (CC BY-NC), uploaded by wangleeping",https://inaturalist-open-data.s3.amazonaws.com/photos/47625648/medium.jpeg
blanket-leaf.jpg,Bedfordia arborescens,Bedfordia arborescens,cc-by-nc,"(c) Reiner Richter, some rights reserved (CC BY-NC), uploaded by Reiner Richter",https://inaturalist-open-data.s3.amazonaws.com/photos/12507913/medium.jpeg
blue-tussock-grass.jpg,Poa poiformis,Poa poiformis,cc-by-nc-sa,"(c) Smithsonian Institution, National Museum of Natural History, Department of Botany, some rights reserved (CC BY-NC-SA)",https://inaturalist-open-data.s3.amazonaws.com/photos/9762620/medium.jpeg
boobyalla.jpg,Myoporum insulare,Myoporum insulare,cc-by-nc,"(c) Dr Manfred Jusaitis, some rights reserved (CC BY-NC), uploaded by Dr Manfred Jusaitis",https://inaturalist-open-data.s3.amazonaws.com/photos/279934779/medium.jpeg
bower-spinach.jpg,Tetragonia implexicoma,Tetragonia implexicoma,cc-by-nc,"(c) Jennifer Michelson, some rights reserved (CC BY-NC), uploaded by Jennifer Michelson",https://inaturalist-open-data.s3.amazonaws.com/photos/218768850/medium.jpg
broad-leaved-peppermint.jpg,Eucalyptus dives,Eucalyptus dives,cc-by-nc,"(c) Wayne Martin, some rights reserved (CC BY-NC), uploaded by Wayne Martin",https://inaturalist-open-data.s3.amazonaws.com/photos/15287760/medium.jpeg
broom-spurge.jpg,Amperea xiphoclada var. xiphoclada,Amperea xiphoclada,cc-by-nc-nd,"(c) Bill Higham, some rights reserved (CC BY-NC-ND)",https://inaturalist-open-data.s3.amazonaws.com/photos/414550/medium.jpg
brown-stringybark.jpg,Eucalyptus baxteri,Eucalyptus baxteri,cc-by-nc,"(c) ozzielabrat, some rights reserved (CC BY-NC), uploaded by ozzielabrat",https://inaturalist-open-data.s3.amazonaws.com/photos/241697883/medium.jpg
buloke.jpg,Allocasuarina luehmannii,Allocasuarina luehmannii,cc-by,"(c) Terra Occ, some rights reserved (CC BY), uploaded by Terra Occ",https://inaturalist-open-data.s3.amazonaws.com/photos/31950107/medium.jpg
bundled-guinea-flower.jpg,Hibbertia fasciculata var. prostrata,Hibbertia fasciculata,cc-by-nc,"(c) Jennifer Michelson, some rights reserved (CC BY-NC), uploaded by Jennifer Michelson",https://inaturalist-open-data.s3.amazonaws.com/photos/351878337/medium.jpg
bundy.jpg,Eucalyptus goniocalyx,Eucalyptus goniocalyx,cc-by-nc,"(c) Dean Nicolle, some rights reserved (CC BY-NC), uploaded by Dean Nicolle",https://inaturalist-open-data.s3.amazonaws.com/photos/70050065/medium.jpg
burgan.jpg,Kunzea ericoides,Kunzea ericoides,cc-by-nc,"(c) Chris Ecroyd, some rights reserved (CC BY-NC), uploaded by Chris Ecroyd",https://inaturalist-open-data.s3.amazonaws.com/photos/28580745/medium.jpg
button-grass.jpg,Gymnoschoenus sphaerocephalus,Gymnoschoenus sphaerocephalus,cc-by,"(c) John Tann, some rights reserved (CC BY)",https://inaturalist-open-data.s3.amazonaws.com/photos/78330/medium.jpg
candlebark.jpg,Eucalyptus rubida,Eucalyptus rubida,cc-by-nc-sa,"(c) Tony Rodd, some rights reserved (CC BY-NC-SA)",https://inaturalist-open-data.s3.amazonaws.com/photos/2265402/medium.jpg
cats-claw-grevillea.jpg,Grevillea alpina,Grevillea alpina,cc-by-nc-sa,"(c) Reiner Richter, some rights reserved (CC BY-NC-SA), uploaded by Reiner Richter",https://inaturalist-open-data.s3.amazonaws.com/photos/11841553/medium.jpg
centella.jpg,Centella cordifolia,Centella cordifolia,cc-by-nc-sa,"(c) Tony Rodd, some rights reserved (CC BY-NC-SA)",https://inaturalist-open-data.s3.amazonaws.com/photos/1360862/medium.jpg
chaffy-saw-sedge.jpg,Gahnia filum,Gahnia filum,cc-by-nc,"(c) davidsando, some rights reserved (CC BY-NC), uploaded by davidsando",https://inaturalist-open-data.s3.amazonaws.com/photos/157014158/medium.jpeg
cherry-ballart.jpg,Exocarpos cupressiformis,Exocarpos cupressiformis,cc-by-nc-nd,"(c) eyeweed, some rights reserved (CC BY-NC-ND)",https://inaturalist-open-data.s3.amazonaws.com/photos/192654/medium.jpg
chocolate-lily.jpg,Arthropodium strictum,Arthropodium strictum,cc-by-nc,"(c) Reiner Richter, some rights reserved (CC BY-NC), uploaded by Reiner Richter",https://inaturalist-open-data.s3.amazonaws.com/photos/11522053/medium.jpg
coast-banksia.jpg,Banksia integrifolia,Banksia integrifolia,cc-by-nc-sa,"(c) Nick Lambert, some rights reserved (CC BY-NC-SA), uploaded by Nick Lambert",https://inaturalist-open-data.s3.amazonaws.com/photos/74929050/medium.jpeg
coast-beard-heath.jpg,Leucopogon parviflorus,Leucopogon parviflorus,cc0,"no rights reserved, uploaded by Peter de Lange",https://inaturalist-open-data.s3.amazonaws.com/photos/25894957/medium.jpg
coast-everlasting.jpg,Ozothamnus turbinatus,Ozothamnus turbinatus,cc-by-nc-sa,"(c) Reiner Richter, some rights reserved (CC BY-NC-SA), uploaded by Reiner Richter",https://inaturalist-open-data.s3.amazonaws.com/photos/32209821/medium.jpeg
coast-manna-gum.jpg,Eucalyptus viminalis subsp. pryoriana,Eucalyptus viminalis,cc-by-nc,"(c) Wayne Martin, some rights reserved (CC BY-NC), uploaded by Wayne Martin",https://inaturalist-open-data.s3.amazonaws.com/photos/21705753/medium.jpeg
coast-saltbush.jpg,Atriplex cinerea,Atriplex cinerea,cc-by-nc,"(c) plateauville, some rights reserved (CC BY-NC), uploaded by plateauville",https://inaturalist-open-data.s3.amazonaws.com/photos/48787310/medium.jpeg
coast-saw-sedge.jpg,Gahnia trifida,Gahnia trifida,cc-by-nc,"(c) Darcy Whittaker, some rights reserved (CC BY-NC), uploaded by Darcy Whittaker",https://inaturalist-open-data.s3.amazonaws.com/photos/186694177/medium.jpg
coast-spear-grass.jpg,Austrostipa stipoides,Austrostipa stipoides,cc-by-nd,"(c) harrylurling, some rights reserved (CC BY-ND), uploaded by harrylurling",https://inaturalist-open-data.s3.amazonaws.com/photos/471927226/medium.jpeg
coast-tussock-grass.jpg,Poa poiformis,Poa poiformis,cc-by-nc-sa,"(c) Smithsonian Institution, National Museum of Natural History, Department of Botany, some rights reserved (CC BY-NC-SA)",https://inaturalist-open-data.s3.amazonaws.com/photos/9762620/medium.jpeg
coast-wattle.jpg,Acacia sophorae,Acacia longifolia sophorae,cc-by-nc-sa,"(c) Natalie Tapson, some rights reserved (CC BY-NC-SA)",https://inaturalist-open-data.s3.amazonaws.com/photos/21760944/medium.jpg
coastal-wattle.jpg,Acacia sophorae,Acacia longifolia sophorae,cc-by-nc-sa,"(c) Natalie Tapson, some rights reserved (CC BY-NC-SA)",https://inaturalist-open-data.s3.amazonaws.com/photos/21760944/medium.jpg
comb-wheat-grass.jpg,Australopyrum pectinatum,Australopyrum pectinatum,cc-by-nc,"(c) Nick Fitzgerald, some rights reserved (CC BY-NC), uploaded by Nick Fitzgerald",https://inaturalist-open-data.s3.amazonaws.com/photos/12863032/medium.jpg
common-apple-berry.jpg,Billardiera scandens var. scandens,Billardiera scandens,cc-by-nc-nd,"(c) David Midgley, some rights reserved (CC BY-NC-ND)",https://inaturalist-open-data.s3.amazonaws.com/photos/370304/medium.jpg
common-beard-heath.jpg,Leucopogon virgatus,Leucopogon virgatus,cc-by-nc,"(c) Andrew Dilley, some rights reserved (CC BY-NC), uploaded by Andrew Dilley",https://inaturalist-open-data.s3.amazonaws.com/photos/70502417/medium.jpg
common-blown-grass.jpg,Lachnagrostis filiformis var. filiformis,Lachnagrostis filiformis,cc-by-nc,"(c) samaara_c, some rights reserved (CC BY-NC)",https://inaturalist-open-data.s3.amazonaws.com/photos/578613161/medium.jpg
common-bog-sedge.jpg,Schoenus apogon,Schoenus apogon,cc-by-nc,"(c) Stephen Thorpe, some rights reserved (CC BY-NC), uploaded by Stephen Thorpe",https://inaturalist-open-data.s3.amazonaws.com/photos/26875087/medium.jpeg
common-boobialla.jpg,Myoporum insulare,Myoporum insulare,cc-by-nc,"(c) Dr Manfred Jusaitis, some rights reserved (CC BY-NC), uploaded by Dr Manfred Jusaitis",https://inaturalist-open-data.s3.amazonaws.com/photos/279934779/medium.jpeg
common-bottle-daisy.jpg,Lagenophora stipitata,Lagenophora stipitata,cc-by-nc,"(c) durisb, some rights reserved (CC BY-NC)",https://inaturalist-open-data.s3.amazonaws.com/photos/106597005/medium.jpg
common-buttercup.jpg,Ranunculus lappaceus,Ranunculus lappaceus,cc-by-nc,"(c) Juliet, some rights reserved (CC BY-NC), uploaded by Juliet",https://inaturalist-open-data.s3.amazonaws.com/photos/154656060/medium.jpeg
common-duckweed.jpg,Lemna disperma,Lemna disperma,cc-by-nc-sa,"(c) Kevin Thiele, some rights reserved (CC BY-NC-SA)",https://inaturalist-open-data.s3.amazonaws.com/photos/854088/medium.jpg
common-flat-pea.jpg,Platylobium obtusangulum,Platylobium obtusangulum,cc-by-nc-nd,"(c) Philip Bouchard, some rights reserved (CC BY-NC-ND)",https://inaturalist-open-data.s3.amazonaws.com/photos/1341096/medium.jpg
common-grass-sedge.jpg,Carex breviculmis,Carex breviculmis,cc0,"no rights reserved, uploaded by 葉子",https://inaturalist-open-data.s3.amazonaws.com/photos/63466453/medium.jpeg
common-heath.jpg,Epacris impressa,Epacris impressa,cc-by,"(c) Connor Margetts, some rights reserved (CC BY), uploaded by Connor Margetts",https://inaturalist-open-data.s3.amazonaws.com/photos/285257607/medium.jpg
common-hovea.jpg,Hovea heterophylla,Hovea heterophylla,cc-by-nc,"(c) mcmars, some rights reserved (CC BY-NC), uploaded by mcmars",https://inaturalist-open-data.s3.amazonaws.com/photos/310607347/medium.jpg
common-maidenhair.jpg,Adiantum aethiopicum,Adiantum aethiopicum,cc-by-nc,"(c) tomjh, some rights reserved (CC BY-NC)",https://inaturalist-open-data.s3.amazonaws.com/photos/251677652/medium.jpg
common-rapier-sedge.jpg,Lepidosperma filiforme,Lepidosperma filiforme,cc-by-nc,"(c) Wayne Martin, some rights reserved (CC BY-NC), uploaded by Wayne Martin",https://inaturalist-open-data.s3.amazonaws.com/photos/15292082/medium.jpeg
common-raspwort.jpg,Gonocarpus tetragynus,Gonocarpus tetragynus,cc-by-nc,"(c) davidsando, some rights reserved (CC BY-NC), uploaded by davidsando",https://inaturalist-open-data.s3.amazonaws.com/photos/244880196/medium.jpeg
common-rice-flower.jpg,Pimelea humilis,Pimelea humilis,cc-by-nc-nd,"(c) Bill Higham, some rights reserved (CC BY-NC-ND)",https://inaturalist-open-data.s3.amazonaws.com/photos/414496/medium.jpg
common-spike-sedge.jpg,Eleocharis acuta,Eleocharis acuta,cc-by-nc,"(c) Madara Vilde, some rights reserved (CC BY-NC), uploaded by Madara Vilde",https://inaturalist-open-data.s3.amazonaws.com/photos/55269214/medium.jpeg
coral-heath.jpg,Epacris microphylla,Epacris microphylla,cc-by-nc,"(c) Margaret Sky, some rights reserved (CC BY-NC), uploaded by Margaret Sky",https://inaturalist-open-data.s3.amazonaws.com/photos/168050410/medium.jpg
cottony-fireweed.jpg,Senecio quadridentatus,Senecio quadridentatus,cc-by-nc,"(c) Jon Sullivan, some rights reserved (CC BY-NC)",https://inaturalist-open-data.s3.amazonaws.com/photos/266582/medium.jpg
creamy-candles.jpg,Stackhousia monogyna,Stackhousia monogyna,cc-by,"(c) Lukas Clews, some rights reserved (CC BY), uploaded by Lukas Clews",https://inaturalist-open-data.s3.amazonaws.com/photos/167684323/medium.jpg
creeping-bossiaea.jpg,Bossiaea prostrata,Bossiaea prostrata,cc-by-nc-sa,"(c) Nuytsia@Tas, some rights reserved (CC BY-NC-SA)",https://inaturalist-open-data.s3.amazonaws.com/photos/808976/medium.jpg
creeping-brookweed.jpg,Samolus repens,Samolus repens,cc-by-nc,"(c) Marnie Mallié, some rights reserved (CC BY-NC), uploaded by Marnie Mallié",https://inaturalist-open-data.s3.amazonaws.com/photos/257539512/medium.jpg
creeping-cotula.jpg,Leptinella reptans,Leptinella reptans,cc-by-nc-sa,"(c) Reiner Richter, some rights reserved (CC BY-NC-SA), uploaded by Reiner Richter",https://inaturalist-open-data.s3.amazonaws.com/photos/13880790/medium.jpeg
creeping-cudweed.jpg,Euchiton collinus,Euchiton collinus,cc-by-sa,"(c) DavidFrancis34, some rights reserved (CC BY-SA)",https://inaturalist-open-data.s3.amazonaws.com/photos/50827862/medium.jpg
cushion-bush.jpg,Leucophyta brownii,Leucophyta brownii,cc-by-sa,"(c) jirau, some rights reserved (CC BY-SA)",https://inaturalist-open-data.s3.amazonaws.com/photos/459157265/medium.jpeg
cut-leaf-xanthosia.jpg,Xanthosia dissecta,Xanthosia dissecta,cc-by-nc,"(c) elizabethhatfield, some rights reserved (CC BY-NC)",https://inaturalist-open-data.s3.amazonaws.com/photos/244895864/medium.jpg
cypress-daisy-bush.jpg,Olearia teretifolia,Olearia teretifolia,cc-by-nc,"(c) Ralph Foster, some rights reserved (CC BY-NC), uploaded by Ralph Foster",https://inaturalist-open-data.s3.amazonaws.com/photos/11005727/medium.jpeg
downy-dodder-laurel.jpg,Cassytha pubescens,Cassytha pubescens,cc-by-nc,"(c) sunphlo, some rights reserved (CC BY-NC)",https://inaturalist-open-data.s3.amazonaws.com/photos/414552/medium.jpg
drooping-cassinia.jpg,Cassinia arcuata,Cassinia arcuata,cc-by-nc-sa,"(c) Nathan Johnson, some rights reserved (CC BY-NC-SA)",https://inaturalist-open-data.s3.amazonaws.com/photos/39097986/medium.jpg
drooping-sheoak.jpg,Allocasuarina verticillata,Allocasuarina verticillata,cc-by-nc,"(c) deborod, some rights reserved (CC BY-NC), uploaded by deborod",https://inaturalist-open-data.s3.amazonaws.com/photos/173851390/medium.jpg
dune-fireweed.jpg,Senecio lautus,Senecio lautus,cc-by-nc,"(c) tangatawhenua, some rights reserved (CC BY-NC), uploaded by tangatawhenua",https://inaturalist-open-data.s3.amazonaws.com/photos/5247409/medium.jpeg
dusty-miller.jpg,Spyridium parvifolium,Spyridium parvifolium,cc-by,"(c) Connor Margetts, some rights reserved (CC BY), uploaded by Connor Margetts",https://inaturalist-open-data.s3.amazonaws.com/photos/300746789/medium.jpg
dwarf-bush-pea.jpg,Pultenaea humilis,Pultenaea humilis,cc-by-nc,"(c) Lorraine Phelan, some rights reserved (CC BY-NC), uploaded by Lorraine Phelan",https://inaturalist-open-data.s3.amazonaws.com/photos/165048001/medium.jpg
dwarf-mat-rush.jpg,Lomandra nana,Lomandra nana,cc-by-nc,"(c) Ken Harris EntSocVic, some rights reserved (CC BY-NC), uploaded by Ken Harris EntSocVic",https://inaturalist-open-data.s3.amazonaws.com/photos/39591798/medium.jpeg
dwarf-wedge-pea.jpg,Gompholobium ecostatum,Gompholobium ecostatum,cc-by-nc,"(c) Nicholas Thoms, some rights reserved (CC BY-NC), uploaded by Nicholas Thoms",https://inaturalist-open-data.s3.amazonaws.com/photos/172038023/medium.jpg
early-nancy.jpg,Wurmbea dioica,Wurmbea dioica,cc-by-nc,"(c) Ian D B Moodie, some rights reserved (CC BY-NC), uploaded by Ian D B Moodie",https://inaturalist-open-data.s3.amazonaws.com/photos/80766435/medium.jpg
erect-guinea-flower.jpg,Hibbertia riparia,Hibbertia riparia,cc-by,"(c) T. Hammer, some rights reserved (CC BY), uploaded by T. Hammer",https://inaturalist-open-data.s3.amazonaws.com/photos/162868914/medium.jpg
fen-sedge.jpg,Carex gaudichaudiana,Carex gaudichaudiana,cc-by-nd,"(c) harrylurling, some rights reserved (CC BY-ND), uploaded by harrylurling",https://inaturalist-open-data.s3.amazonaws.com/photos/107606999/medium.jpeg
fireweed-groundsel.jpg,Senecio linearifolius,Senecio linearifolius,cc-by-nc-sa,"(c) Arthur Chapman, some rights reserved (CC BY-NC-SA), uploaded by Arthur Chapman",https://inaturalist-open-data.s3.amazonaws.com/photos/97060490/medium.jpeg
fishbone-water-fern.jpg,Blechnum nudum,Blechnum nudum,cc-by-nc-sa,"(c) Christopher Tracey, some rights reserved (CC BY-NC-SA), uploaded by Christopher Tracey",https://inaturalist-open-data.s3.amazonaws.com/photos/676372/medium.JPG
forest-starwort.jpg,Stellaria flaccida,Stellaria flaccida,cc-by,"(c) John Tann, some rights reserved (CC BY)",https://inaturalist-open-data.s3.amazonaws.com/photos/1328072/medium.jpg
gippsland-red-gum.jpg,Eucalyptus tereticornis ssp. mediana,Eucalyptus tereticornis,cc-by-nc,"(c) beth2320, some rights reserved (CC BY-NC)",https://inaturalist-open-data.s3.amazonaws.com/photos/162375615/medium.jpg
glandular-pink-bells.jpg,Tetratheca labillardierei,Tetratheca labillardierei,cc-by-nc,"(c) Reiner Richter, some rights reserved (CC BY-NC), uploaded by Reiner Richter",https://inaturalist-open-data.s3.amazonaws.com/photos/10192642/medium.jpg
gold-dust-wattle.jpg,Acacia acinacea,Acacia acinacea,cc-by-nc,"(c) Matt Tudor, some rights reserved (CC BY-NC), uploaded by Matt Tudor",https://inaturalist-open-data.s3.amazonaws.com/photos/407729350/medium.jpg
golden-spray.jpg,Viminaria juncea,Viminaria juncea,cc-by-nc-sa,"(c) Kevin Thiele, some rights reserved (CC BY-NC-SA)",https://inaturalist-open-data.s3.amazonaws.com/photos/1539799/medium.jpg
golden-wattle.jpg,Acacia pycnantha,Acacia pycnantha,cc-by-nc,"(c) Rob Shepherd, some rights reserved (CC BY-NC), uploaded by Rob Shepherd",https://inaturalist-open-data.s3.amazonaws.com/photos/149332117/medium.jpeg
grass-trigger-plant.jpg,Stylidium graminifolium,Stylidium graminifolium,cc-by-nc-nd,"(c) Alan Melville, some rights reserved (CC BY-NC-ND), uploaded by Alan Melville",https://inaturalist-open-data.s3.amazonaws.com/photos/52569629/medium.jpg
grassland-wood-sorrel.jpg,Oxalis perennans,Oxalis perennans,cc-by-nc,"(c) James Bailey, some rights reserved (CC BY-NC), uploaded by James Bailey",https://inaturalist-open-data.s3.amazonaws.com/photos/28230673/medium.jpeg
grey-box.jpg,Eucalyptus microcarpa,Eucalyptus microcarpa,cc-by-nc,"(c) Dean Nicolle, some rights reserved (CC BY-NC), uploaded by Dean Nicolle",https://inaturalist-open-data.s3.amazonaws.com/photos/71538315/medium.jpeg
grey-guinea-flower.jpg,Hibbertia obtusifolia,Hibbertia obtusifolia,cc-by,"(c) T. Hammer, some rights reserved (CC BY), uploaded by T. Hammer",https://inaturalist-open-data.s3.amazonaws.com/photos/244341273/medium.jpg
grey-parrot-pea.jpg,Dillwynia cinerascens,Dillwynia cinerascens,cc-by-nc,"(c) James Bailey, some rights reserved (CC BY-NC), uploaded by James Bailey",https://inaturalist-open-data.s3.amazonaws.com/photos/28225079/medium.jpeg
grey-tussock-grass.jpg,Poa sieberiana var. sieberiana,Poa sieberiana,cc-by-nc,"(c) Hayden Wright, some rights reserved (CC BY-NC), uploaded by Hayden Wright",https://inaturalist-open-data.s3.amazonaws.com/photos/603890601/medium.jpg
hairy-centrolepis.jpg,Centrolepis strigosa ssp. strigosa,Centrolepis strigosa,cc-by-nc-sa,"(c) Reiner Richter, some rights reserved (CC BY-NC-SA), uploaded by Reiner Richter",https://inaturalist-open-data.s3.amazonaws.com/photos/44852558/medium.jpeg
hairy-knotweed.jpg,Persicaria subsessilis,Persicaria subsessilis,cc-by-nc,"(c) Jenny Emeny, some rights reserved (CC BY-NC), uploaded by Jenny Emeny",https://inaturalist-open-data.s3.amazonaws.com/photos/195859911/medium.jpeg
hairy-spinifex.jpg,Spinifex sericeus,Spinifex sericeus,cc-by-nc-nd,"(c) sea-kangaroo, some rights reserved (CC BY-NC-ND), uploaded by sea-kangaroo",https://inaturalist-open-data.s3.amazonaws.com/photos/1488247/medium.JPG
hard-water-fern.jpg,Blechnum wattsii,Blechnum wattsii,cc-by-nc,"(c) Reiner Richter, some rights reserved (CC BY-NC), uploaded by Reiner Richter",https://inaturalist-open-data.s3.amazonaws.com/photos/12157407/medium.jpeg
hedge-wattle.jpg,Acacia paradoxa,Acacia paradoxa,cc-by-nc-sa,"(c) Reiner Richter, some rights reserved (CC BY-NC-SA), uploaded by Reiner Richter",https://inaturalist-open-data.s3.amazonaws.com/photos/54355692/medium.jpeg
hidden-violet.jpg,Viola cleistogamoides,Viola cleistogamoides,cc0,"no rights reserved, uploaded by corunastylis",https://inaturalist-open-data.s3.amazonaws.com/photos/27521629/medium.jpeg
hoary-rapier-sedge.jpg,Lepidosperma canescens,Lepidosperma canescens,cc-by-nc,"(c) Wayne Martin, some rights reserved (CC BY-NC), uploaded by Wayne Martin",https://inaturalist-open-data.s3.amazonaws.com/photos/17501391/medium.jpeg
hoary-sunray.jpg,Leucochrysum albicans,Leucochrysum albicans,cc-by,"(c) Nina Kerr, some rights reserved (CC BY), uploaded by Nina Kerr",https://inaturalist-open-data.s3.amazonaws.com/photos/106372009/medium.jpeg
hollow-rush.jpg,Juncus amabilis,Juncus amabilis,cc-by-nc,"(c) Noah Vale, some rights reserved (CC BY-NC), uploaded by Noah Vale",https://inaturalist-open-data.s3.amazonaws.com/photos/585782329/medium.jpg
honey-pots.jpg,Acrotriche serrulata,Acrotriche serrulata,cc-by-nc-nd,"(c) QuestaGame, some rights reserved (CC BY-NC-ND), uploaded by QuestaGame",https://inaturalist-open-data.s3.amazonaws.com/photos/24095038/medium.jpg
hop-bitter-pea.jpg,Daviesia latifolia,Daviesia latifolia,cc-by-nc,"(c) Sharon Dodd, some rights reserved (CC BY-NC), uploaded by Sharon Dodd",https://inaturalist-open-data.s3.amazonaws.com/photos/239049085/medium.jpeg
horny-cone-bush.jpg,Isopogon ceratophyllus,Isopogon ceratophyllus,cc-by,"(c) Connor Margetts, some rights reserved (CC BY), uploaded by Connor Margetts",https://inaturalist-open-data.s3.amazonaws.com/photos/321105855/medium.jpg
hyacinth-orchid.jpg,Dipodium punctatum,Dipodium punctatum,cc-by-nc,"(c) izakschoon, some rights reserved (CC BY-NC), uploaded by izakschoon",https://inaturalist-open-data.s3.amazonaws.com/photos/175306046/medium.jpg
ivy-leaf-violet.jpg,Viola hederacea,Viola hederacea,cc-by-nc-sa,"(c) Reiner Richter, some rights reserved (CC BY-NC-SA), uploaded by Reiner Richter",https://inaturalist-open-data.s3.amazonaws.com/photos/56314759/medium.jpeg
joint-leaf-rush.jpg,Juncus holoschoenus,Juncus holoschoenus,cc-by-nc,"(c) trevp, some rights reserved (CC BY-NC)",https://inaturalist-open-data.s3.amazonaws.com/photos/69513243/medium.jpg
karkalla.jpg,Carpobrotus rossii,Carpobrotus rossii,cc-by,"(c) Rolf Lawrenz, some rights reserved (CC BY), uploaded by Rolf Lawrenz",https://inaturalist-open-data.s3.amazonaws.com/photos/25466398/medium.jpg
kneed-spear-grass.jpg,Austrostipa bigeniculata,Austrostipa bigeniculata,cc-by,"(c) Jon Sullivan, some rights reserved (CC BY), uploaded by Jon Sullivan",https://inaturalist-open-data.s3.amazonaws.com/photos/1211422/medium.
knobby-club-sedge.jpg,Ficinia nodosa,Ficinia nodosa,cc-by-nc,"(c) lilhazza, some rights reserved (CC BY-NC)",https://inaturalist-open-data.s3.amazonaws.com/photos/63868602/medium.jpg
large-bindweed.jpg,Calystegia sepium subsp. roseata,Calystegia sepium roseata × silvatica disjuncta,cc0,"no rights reserved, uploaded by Jenny Christianson",https://inaturalist-open-data.s3.amazonaws.com/photos/28511431/medium.jpeg
large-leaf-bush-pea.jpg,Pultenaea daphnoides,Pultenaea daphnoides,cc-by,"(c) Melburnian, some rights reserved (CC BY)",https://inaturalist-open-data.s3.amazonaws.com/photos/370489/medium.jpg
leafy-flat-sedge.jpg,Cyperus lucidus,Cyperus lucidus,cc-by-nc,"(c) Pete Woodall, some rights reserved (CC BY-NC), uploaded by Pete Woodall",https://inaturalist-open-data.s3.amazonaws.com/photos/31336005/medium.jpeg
lightwood.jpg,Acacia implexa,Acacia implexa,cc-by-nc-sa,"(c) Reiner Richter, some rights reserved (CC BY-NC-SA), uploaded by Reiner Richter",https://inaturalist-open-data.s3.amazonaws.com/photos/29897538/medium.jpeg
love-creeper.jpg,Comesperma volubile,Comesperma volubile,cc-by-nc-sa,"(c) Reiner Richter, some rights reserved (CC BY-NC-SA), uploaded by Reiner Richter",https://inaturalist-open-data.s3.amazonaws.com/photos/54658806/medium.jpeg
manna-gum.jpg,Eucalyptus viminalis,Eucalyptus viminalis,cc-by-nc,"(c) Wayne Martin, some rights reserved (CC BY-NC), uploaded by Wayne Martin",https://inaturalist-open-data.s3.amazonaws.com/photos/21705753/medium.jpeg
marine-couch.jpg,Sporobolus virginicus,Sporobolus virginicus,cc0,"no rights reserved, uploaded by 葉子",https://inaturalist-open-data.s3.amazonaws.com/photos/135062504/medium.jpeg
matted-bog-sedge.jpg,Schoenus breviculmis,Schoenus breviculmis,cc-by,"(c) Andrew Thornhill, some rights reserved (CC BY), uploaded by Andrew Thornhill",https://inaturalist-open-data.s3.amazonaws.com/photos/55167235/medium.jpeg
matted-nertera.jpg,Nertera granadensis,Nertera granadensis,cc-by-nc,"(c) Melissa Tulig, some rights reserved (CC BY-NC), uploaded by Melissa Tulig",https://inaturalist-open-data.s3.amazonaws.com/photos/105840393/medium.jpg
matted-pratia.jpg,Lobelia pedunculata,Lobelia pedunculata,cc-by-nc,"(c) kairune, some rights reserved (CC BY-NC)",https://inaturalist-open-data.s3.amazonaws.com/photos/203368646/medium.jpg
mealy-stringybark.jpg,Eucalyptus cephalocarpa,Eucalyptus cephalocarpa,cc-by-nc,"(c) Dean Nicolle, some rights reserved (CC BY-NC), uploaded by Dean Nicolle",https://inaturalist-open-data.s3.amazonaws.com/photos/262111796/medium.jpeg
messmate.jpg,Eucalyptus obliqua,Eucalyptus obliqua,cc-by-nc,"(c) Dean Nicolle, some rights reserved (CC BY-NC), uploaded by Dean Nicolle",https://inaturalist-open-data.s3.amazonaws.com/photos/337034447/medium.jpeg
messmate-stringybark.jpg,Eucalyptus obliqua,Eucalyptus obliqua,cc-by-nc,"(c) Dean Nicolle, some rights reserved (CC BY-NC), uploaded by Dean Nicolle",https://inaturalist-open-data.s3.amazonaws.com/photos/337034447/medium.jpeg
milky-beauty-heads.jpg,Calocephalus lacteus,Calocephalus lacteus,cc-by-nc-sa,"(c) Nuytsia@Tas, some rights reserved (CC BY-NC-SA)",https://inaturalist-open-data.s3.amazonaws.com/photos/8896288/medium.jpg
mountain-ash.jpg,Eucalyptus regnans,Eucalyptus regnans,cc-by-nc,"(c) Tindo2, some rights reserved (CC BY-NC)",https://inaturalist-open-data.s3.amazonaws.com/photos/4240301/medium.jpg
mountain-clematis.jpg,Clematis aristata,Clematis aristata,cc-by-nc-sa,"(c) Tony Rodd, some rights reserved (CC BY-NC-SA)",https://inaturalist-open-data.s3.amazonaws.com/photos/370325/medium.jpg
mountain-grevillea.jpg,Grevillea alpina,Grevillea alpina,cc-by-nc-sa,"(c) Reiner Richter, some rights reserved (CC BY-NC-SA), uploaded by Reiner Richter",https://inaturalist-open-data.s3.amazonaws.com/photos/11841553/medium.jpg
mountain-grey-gum.jpg,Eucalyptus cypellocarpa,Eucalyptus cypellocarpa,cc-by-nc,"(c) Lorraine Phelan, some rights reserved (CC BY-NC), uploaded by Lorraine Phelan",https://inaturalist-open-data.s3.amazonaws.com/photos/152146288/medium.jpg
musk-daisy-bush.jpg,Olearia argophylla,Olearia argophylla,cc-by-nc-sa,"(c) Reiner Richter, some rights reserved (CC BY-NC-SA), uploaded by Reiner Richter",https://inaturalist-open-data.s3.amazonaws.com/photos/27582424/medium.jpeg
myrtle-wattle.jpg,Acacia myrtifolia,Acacia myrtifolia,cc-by-nc,"(c) Keith Morris, some rights reserved (CC BY-NC), uploaded by Keith Morris",https://inaturalist-open-data.s3.amazonaws.com/photos/283266641/medium.jpeg
narrow-leaf-peppermint.jpg,Eucalyptus radiata,Eucalyptus radiata,cc-by-nc,"(c) Dean Nicolle, some rights reserved (CC BY-NC), uploaded by Dean Nicolle",https://inaturalist-open-data.s3.amazonaws.com/photos/185157048/medium.jpeg
pacific-azolla.jpg,Azolla filiculoides,Azolla filiculoides,cc-by,"(c) Kevin Thiele, some rights reserved (CC BY)",https://inaturalist-open-data.s3.amazonaws.com/photos/107323237/medium.jpg
pale-flax-lily.jpg,Dianella longifolia,Dianella longifolia,cc-by-nc,"(c) lilyperry, some rights reserved (CC BY-NC)",https://inaturalist-open-data.s3.amazonaws.com/photos/192707540/medium.jpg
pale-rush.jpg,Juncus pallidus,Juncus pallidus,cc-by-nc,"(c) tangatawhenua, some rights reserved (CC BY-NC), uploaded by tangatawhenua",https://inaturalist-open-data.s3.amazonaws.com/photos/6014435/medium.jpeg
pink-bells.jpg,Tetratheca ciliata,Tetratheca ciliata,cc-by-nc-sa,"(c) Reiner Richter, some rights reserved (CC BY-NC-SA), uploaded by Reiner Richter",https://inaturalist-open-data.s3.amazonaws.com/photos/101657863/medium.jpeg
pink-bindweed.jpg,Convolvulus angustissimus,Convolvulus angustissimus,cc-by-nc-nd,"(c) Alan Melville, some rights reserved (CC BY-NC-ND), uploaded by Alan Melville",https://inaturalist-open-data.s3.amazonaws.com/photos/63164210/medium.jpg
pink-bladderwort.jpg,Utricularia tenella,Utricularia tenella,cc-by,"(c) Hugo Innes, some rights reserved (CC BY), uploaded by Hugo Innes",https://inaturalist-open-data.s3.amazonaws.com/photos/228817701/medium.jpeg
pithy-sword-sedge.jpg,Lepidosperma longitudinale,Lepidosperma longitudinale,cc-by-nc,"(c) Bernadette Lingham, some rights reserved (CC BY-NC), uploaded by Bernadette Lingham",https://inaturalist-open-data.s3.amazonaws.com/photos/88149701/medium.jpeg
poison-lobelia.jpg,Lobelia pratioides,Lobelia pratioides,cc-by-nc-sa,"(c) Shirley McLaran, some rights reserved (CC BY-NC-SA), uploaded by Shirley McLaran",https://inaturalist-open-data.s3.amazonaws.com/photos/451484575/medium.jpeg
prickly-broom-heath.jpg,Monotoca scoparia,Monotoca scoparia,cc-by-nc-sa,"(c) Reiner Richter, some rights reserved (CC BY-NC-SA), uploaded by Reiner Richter",https://inaturalist-open-data.s3.amazonaws.com/photos/14798633/medium.jpeg
prickly-currant-bush.jpg,Coprosma quadrifida,Coprosma quadrifida,cc-by-nc-sa,"(c) Reiner Richter, some rights reserved (CC BY-NC-SA), uploaded by Reiner Richter",https://inaturalist-open-data.s3.amazonaws.com/photos/61478900/medium.jpeg
prickly-moses.jpg,Acacia verticillata,Acacia verticillata,cc-by-nc,"(c) Reiner Richter, some rights reserved (CC BY-NC), uploaded by Reiner Richter",https://inaturalist-open-data.s3.amazonaws.com/photos/10828267/medium.jpg
prickly-starwort.jpg,Stellaria pungens,Stellaria pungens,cc-by-nc,"(c) Reiner Richter, some rights reserved (CC BY-NC), uploaded by Reiner Richter",https://inaturalist-open-data.s3.amazonaws.com/photos/12516286/medium.jpeg
privet-mock-olive.jpg,Notelaea ligustrina,Notelaea ligustrina,cc-by-nc,"(c) Jenny Emeny, some rights reserved (CC BY-NC), uploaded by Jenny Emeny",https://inaturalist-open-data.s3.amazonaws.com/photos/177423808/medium.jpeg
purple-coral-pea.jpg,Hardenbergia violacea,Hardenbergia violacea,cc-by,"(c) Connor Margetts, some rights reserved (CC BY), uploaded by Connor Margetts",https://inaturalist-open-data.s3.amazonaws.com/photos/291656083/medium.jpg
red-box.jpg,Eucalyptus polyanthemos,Eucalyptus polyanthemos,cc-by-nc-nd,"(c) Kaj Hoffman, some rights reserved (CC BY-NC-ND), uploaded by Kaj Hoffman",https://inaturalist-open-data.s3.amazonaws.com/photos/150097925/medium.jpeg
red-fruit-saw-sedge.jpg,Gahnia sieberiana,Gahnia sieberiana,cc-by-nc,"(c) sarahansell, some rights reserved (CC BY-NC)",https://inaturalist-open-data.s3.amazonaws.com/photos/227248811/medium.jpg
red-ironbark.jpg,Eucalyptus tricarpa,Eucalyptus tricarpa,cc-by-nc,"(c) Dean Nicolle, some rights reserved (CC BY-NC), uploaded by Dean Nicolle",https://inaturalist-open-data.s3.amazonaws.com/photos/244130769/medium.jpeg
red-stringybark.jpg,Eucalyptus macrorhyncha,Eucalyptus macrorhyncha,cc-by-nc,"(c) Dean Nicolle, some rights reserved (CC BY-NC), uploaded by Dean Nicolle",https://inaturalist-open-data.s3.amazonaws.com/photos/341551638/medium.jpg
river-club-sedge.jpg,Schoenoplectus tabernaemontani,Schoenoplectus tabernaemontani,cc-by-nd,"(c) Kyle Campbell, some rights reserved (CC BY-ND), uploaded by Kyle Campbell",https://inaturalist-open-data.s3.amazonaws.com/photos/341177034/medium.jpeg
river-mint.jpg,Mentha australis,Mentha australis,cc-by-nc-sa,"(c) Reiner Richter, some rights reserved (CC BY-NC-SA), uploaded by Reiner Richter",https://inaturalist-open-data.s3.amazonaws.com/photos/111008633/medium.jpeg
river-red-gum.jpg,Eucalyptus camaldulensis,Eucalyptus camaldulensis,cc-by-nc,"(c) Dean Nicolle, some rights reserved (CC BY-NC), uploaded by Dean Nicolle",https://inaturalist-open-data.s3.amazonaws.com/photos/246643149/medium.jpeg
rough-barked-manna-gum.jpg,Eucalyptus viminalis ssp. pryoriana,Eucalyptus viminalis,cc-by-nc,"(c) Wayne Martin, some rights reserved (CC BY-NC), uploaded by Wayne Martin",https://inaturalist-open-data.s3.amazonaws.com/photos/21705753/medium.jpeg
rough-tree-fern.jpg,Cyathea australis,Cyathea australis,cc-by,"(c) Paul Whitington, some rights reserved (CC BY), uploaded by Paul Whitington",https://inaturalist-open-data.s3.amazonaws.com/photos/93732169/medium.jpg
rounded-noon-flower.jpg,Disphyma crassifolium,Disphyma crassifolium,cc-by-nc,"(c) Kaitlyn, some rights reserved (CC BY-NC), uploaded by Kaitlyn",https://inaturalist-open-data.s3.amazonaws.com/photos/53334276/medium.jpeg
ruby-saltbush.jpg,Enchylaena tomentosa,Enchylaena tomentosa,cc-by,"(c) Kym Nicolson, some rights reserved (CC BY), uploaded by Kym Nicolson",https://inaturalist-open-data.s3.amazonaws.com/photos/175542553/medium.jpg
running-postman.jpg,Kennedia prostrata,Kennedia prostrata,cc-by-nc,"(c) Geoffrey Cox, some rights reserved (CC BY-NC), uploaded by Geoffrey Cox",https://inaturalist-open-data.s3.amazonaws.com/photos/26026539/medium.jpeg
scaly-buttons.jpg,Leptorhynchos squamatus,Leptorhynchos squamatus,cc-by,"(c) Chris Clarke, some rights reserved (CC BY), uploaded by Chris Clarke",https://inaturalist-open-data.s3.amazonaws.com/photos/74912423/medium.jpeg
scented-paperbark.jpg,Melaleuca squarrosa,Melaleuca squarrosa,cc-by-nc,"(c) Reiner Richter, some rights reserved (CC BY-NC), uploaded by Reiner Richter",https://inaturalist-open-data.s3.amazonaws.com/photos/12150714/medium.jpeg
scented-sundew.jpg,Drosera whittakeri ssp. aberrans,Drosera aberrans,cc-by-nc-nd,"(c) sea-kangaroo, some rights reserved (CC BY-NC-ND), uploaded by sea-kangaroo",https://inaturalist-open-data.s3.amazonaws.com/photos/158367/medium.JPG
screw-fern.jpg,Lindsaea linearis,Lindsaea linearis,cc-by-nc-sa,"(c) Reiner Richter, some rights reserved (CC BY-NC-SA), uploaded by Reiner Richter",https://inaturalist-open-data.s3.amazonaws.com/photos/57207309/medium.jpeg
scrub-nettle.jpg,Urtica incisa,Urtica incisa,cc-by-nc,"(c) Toby Eccles, some rights reserved (CC BY-NC), uploaded by Toby Eccles",https://inaturalist-open-data.s3.amazonaws.com/photos/222941845/medium.jpg
sea-box.jpg,Alyxia buxifolia,Alyxia buxifolia,cc-by-nc-nd,"(c) sunphlo, some rights reserved (CC BY-NC-ND)",https://inaturalist-open-data.s3.amazonaws.com/photos/1976853/medium.jpg
sea-rush.jpg,Juncus kraussii,Juncus kraussii,cc-by-nc,"(c) James Bailey, some rights reserved (CC BY-NC), uploaded by James Bailey",https://inaturalist-open-data.s3.amazonaws.com/photos/33013178/medium.jpeg
seaberry-saltbush.jpg,Rhagodia candolleana ssp. candolleana,Rhagodia candolleana,cc-by-nc-nd,"(c) Bill Higham, some rights reserved (CC BY-NC-ND)",https://inaturalist-open-data.s3.amazonaws.com/photos/414544/medium.jpg
shady-wood-sorrel.jpg,Oxalis exilis,Oxalis exilis,cc-by-nc,"(c) pawprintz, some rights reserved (CC BY-NC)",https://inaturalist-open-data.s3.amazonaws.com/photos/156403609/medium.jpg
shield-pennywort.jpg,Hydrocotyle verticillata,Hydrocotyle bonariensis,cc-by-nc,"(c) kalimata, some rights reserved (CC BY-NC), uploaded by kalimata",https://inaturalist-open-data.s3.amazonaws.com/photos/69571327/medium.jpg
shining-peppermint.jpg,Eucalyptus willisii,Eucalyptus willisii,cc-by-nc,"(c) Dean Nicolle, some rights reserved (CC BY-NC), uploaded by Dean Nicolle",https://inaturalist-open-data.s3.amazonaws.com/photos/339670013/medium.jpeg
shiny-cassinia.jpg,Cassinia longifolia,Cassinia longifolia,cc-by-nc,"(c) SBERRY, some rights reserved (CC BY-NC), uploaded by SBERRY",https://inaturalist-open-data.s3.amazonaws.com/photos/101688809/medium.jpeg
showy-parrot-pea.jpg,Dillwynia sericea,Dillwynia sericea,cc-by-nc-nd,"(c) Bill Higham, some rights reserved (CC BY-NC-ND)",https://inaturalist-open-data.s3.amazonaws.com/photos/808965/medium.jpg
shrubby-fireweed.jpg,Senecio minimus,Senecio minimus,cc-by-sa,"(c) Lachlan Copeland, some rights reserved (CC BY-SA), uploaded by Lachlan Copeland",https://inaturalist-open-data.s3.amazonaws.com/photos/475722255/medium.jpg
shrubby-glasswort.jpg,Tecticornia arbuscula,Tecticornia arbuscula,cc-by-nc,"(c) SBERRY, some rights reserved (CC BY-NC), uploaded by SBERRY",https://inaturalist-open-data.s3.amazonaws.com/photos/145087280/medium.jpeg
silver-banksia.jpg,Banksia marginata,Banksia marginata,cc-by,"(c) Terra Occ, some rights reserved (CC BY), uploaded by Terra Occ",https://inaturalist-open-data.s3.amazonaws.com/photos/30623385/medium.jpg
silverleaf-stringybark.jpg,Eucalyptus cephalocarpa,Eucalyptus cephalocarpa,cc-by-nc,"(c) Dean Nicolle, some rights reserved (CC BY-NC), uploaded by Dean Nicolle",https://inaturalist-open-data.s3.amazonaws.com/photos/262111796/medium.jpeg
slender-bog-sedge.jpg,Schoenus lepidosperma,Schoenus lepidosperma,cc-by-nc,"(c) Nick Fitzgerald, some rights reserved (CC BY-NC), uploaded by Nick Fitzgerald",https://inaturalist-open-data.s3.amazonaws.com/photos/85620931/medium.jpg
slender-dock.jpg,Rumex brownii,Rumex brownii,cc-by-nc,"(c) Asimakis Patitsas, some rights reserved (CC BY-NC), uploaded by Asimakis Patitsas",https://inaturalist-open-data.s3.amazonaws.com/photos/220894789/medium.jpg
slender-dodder-laurel.jpg,Cassytha glabella,Cassytha glabella,cc-by-nc,"(c) Tindo2, some rights reserved (CC BY-NC)",https://inaturalist-open-data.s3.amazonaws.com/photos/1330749/medium.jpg
slender-fireweed.jpg,Senecio tenuiflorus,Senecio tenuiflorus,cc-by-nc,"(c) Bruce McLennan, some rights reserved (CC BY-NC), uploaded by Bruce McLennan",https://inaturalist-open-data.s3.amazonaws.com/photos/107701154/medium.jpeg
slender-knotweed.jpg,Persicaria decipiens,Persicaria decipiens,cc-by,"(c) Terra Occ, some rights reserved (CC BY), uploaded by Terra Occ",https://inaturalist-open-data.s3.amazonaws.com/photos/31165463/medium.jpg
slender-speedwell.jpg,Veronica gracilis,Veronica gracilis,cc-by-nc,"(c) Andrew Dilley, some rights reserved (CC BY-NC), uploaded by Andrew Dilley",https://inaturalist-open-data.s3.amazonaws.com/photos/50694774/medium.jpg
slender-tussock-grass.jpg,Poa tenera,Poa tenera,cc-by-nc,"(c) Robert Pergl, some rights reserved (CC BY-NC), uploaded by Robert Pergl",https://inaturalist-open-data.s3.amazonaws.com/photos/12591478/medium.jpeg
small-grass-tree.jpg,Xanthorrhoea minor ssp. lutea,Xanthorrhoea minor,cc-by-nc,"(c) Wayne Martin, some rights reserved (CC BY-NC)",https://inaturalist-open-data.s3.amazonaws.com/photos/27749268/medium.jpeg
small-leaf-bramble.jpg,Rubus parvifolius,Rubus parvifolius,cc-by-nc,"(c) Ian D B Moodie, some rights reserved (CC BY-NC), uploaded by Ian D B Moodie",https://inaturalist-open-data.s3.amazonaws.com/photos/246356536/medium.jpg
small-leaved-clematis.jpg,Clematis microphylla,Clematis microphylla,cc-by-nc,"(c) sunphlo, some rights reserved (CC BY-NC)",https://inaturalist-open-data.s3.amazonaws.com/photos/1366190/medium.jpg
small-mat-rush.jpg,Lomandra sororia,Lomandra sororia,cc-by-nc,"(c) davidsando, some rights reserved (CC BY-NC), uploaded by davidsando",https://inaturalist-open-data.s3.amazonaws.com/photos/101452264/medium.jpeg
small-poranthera.jpg,Poranthera microphylla,Poranthera microphylla,cc-by,"(c) Connor Margetts, some rights reserved (CC BY), uploaded by Connor Margetts",https://inaturalist-open-data.s3.amazonaws.com/photos/327125222/medium.jpg
small-st-johns-wort.jpg,Hypericum gramineum,Hypericum gramineum,cc-by-nc,"(c) Pete Woodall, some rights reserved (CC BY-NC), uploaded by Pete Woodall",https://inaturalist-open-data.s3.amazonaws.com/photos/376567367/medium.jpeg
smooth-parrot-pea.jpg,Dillwynia glaberrima,Dillwynia glaberrima,cc-by-nc,"(c) Lorraine Phelan, some rights reserved (CC BY-NC), uploaded by Lorraine Phelan",https://inaturalist-open-data.s3.amazonaws.com/photos/55797273/medium.jpg
smooth-solenogyne.jpg,Solenogyne dominii,Solenogyne dominii,cc-by-nc,"(c) Pat Enright, some rights reserved (CC BY-NC), uploaded by Pat Enright",https://inaturalist-open-data.s3.amazonaws.com/photos/5417017/medium.jpg
snowy-daisy-bush.jpg,Olearia lirata,Olearia lirata,cc-by-nc,"(c) Ralph Foster, some rights reserved (CC BY-NC), uploaded by Ralph Foster",https://inaturalist-open-data.s3.amazonaws.com/photos/27339034/medium.jpeg
soft-tree-fern.jpg,Dicksonia antarctica,Dicksonia antarctica,cc-by-nc-nd,"(c) OggioniAle, some rights reserved (CC BY-NC-ND), uploaded by OggioniAle",https://inaturalist-open-data.s3.amazonaws.com/photos/1983800/medium.jpg
spike-beard-heath.jpg,Leucopogon australis,Leucopogon australis,cc-by-nc,"(c) Reiner Richter, some rights reserved (CC BY-NC), uploaded by Reiner Richter",https://inaturalist-open-data.s3.amazonaws.com/photos/10171391/medium.jpg
spotted-knotweed.jpg,Persicaria praetermissa,Persicaria praetermissa,cc-by,"(c) grampianshiker, some rights reserved (CC BY)",https://inaturalist-open-data.s3.amazonaws.com/photos/376172712/medium.jpg
sprawling-bluebell.jpg,Wahlenbergia gracilis,Wahlenbergia gracilis,cc-by-nc,"(c) Lucy T, some rights reserved (CC BY-NC), uploaded by Lucy T",https://inaturalist-open-data.s3.amazonaws.com/photos/115729485/medium.jpg
spreading-rope-rush.jpg,Empodisma minus,Empodisma minus,cc-by-nc,"(c) Geoffrey Sinclair, some rights reserved (CC BY-NC), uploaded by Geoffrey Sinclair",https://inaturalist-open-data.s3.amazonaws.com/photos/315738015/medium.jpg
sticky-hop-bush.jpg,Dodonaea viscosa,Dodonaea viscosa,cc-by-nc-sa,"(c) María Eugenia Mendiola González, some rights reserved (CC BY-NC-SA), uploaded by María Eugenia Mendiola González",https://inaturalist-open-data.s3.amazonaws.com/photos/114508522/medium.jpeg
streaked-arrow-grass.jpg,Triglochin striata,Triglochin striata,cc-by,"(c) Joe Potter Butler, some rights reserved (CC BY)",https://inaturalist-open-data.s3.amazonaws.com/photos/579830553/medium.jpg
streaked-arrowgrass.jpg,Triglochin striatum,Triglochin,cc-by-nc,"(c) Felix Riegel, some rights reserved (CC BY-NC), uploaded by Felix Riegel",https://inaturalist-open-data.s3.amazonaws.com/photos/59035806/medium.jpeg
supple-spear-grass.jpg,Austrostipa mollis,Austrostipa mollis,cc-by,"(c) Kym Nicolson, some rights reserved (CC BY), uploaded by Kym Nicolson",https://inaturalist-open-data.s3.amazonaws.com/photos/257538712/medium.jpg
swamp-club-sedge.jpg,Isolepis inundata,Isolepis inundata,cc-by,"(c) Russell Best, some rights reserved (CC BY), uploaded by Russell Best",https://inaturalist-open-data.s3.amazonaws.com/photos/75679587/medium.jpeg
swamp-gum.jpg,Eucalyptus ovata,Eucalyptus ovata,cc-by-nc,"(c) Dean Nicolle, some rights reserved (CC BY-NC), uploaded by Dean Nicolle",https://inaturalist-open-data.s3.amazonaws.com/photos/342969076/medium.jpg
swamp-paperbark.jpg,Melaleuca ericifolia,Melaleuca ericifolia,cc-by-nc-sa,"(c) Michael Keogh, some rights reserved (CC BY-NC-SA), uploaded by Michael Keogh",https://inaturalist-open-data.s3.amazonaws.com/photos/98883185/medium.jpeg
swamp-raspwort.jpg,Haloragis brownii,Haloragis brownii,cc-by-nc,"(c) angeladunn07, some rights reserved (CC BY-NC)",https://inaturalist-open-data.s3.amazonaws.com/photos/256284930/medium.jpg
swamp-selaginella.jpg,Selaginella uliginosa,Selaginella uliginosa,cc-by-nc,"(c) Wayne Martin, some rights reserved (CC BY-NC), uploaded by Wayne Martin",https://inaturalist-open-data.s3.amazonaws.com/photos/15291970/medium.jpeg
swamp-starwort.jpg,Stellaria angustifolia,Stellaria angustifolia,cc-by-nc,"(c) Alan Dandie, some rights reserved (CC BY-NC), uploaded by Alan Dandie",https://inaturalist-open-data.s3.amazonaws.com/photos/60425088/medium.jpeg
sweet-bursaria.jpg,Bursaria spinosa,Bursaria spinosa,cc-by-nc,"(c) David Spencer Muirhead, some rights reserved (CC BY-NC), uploaded by David Spencer Muirhead",https://inaturalist-open-data.s3.amazonaws.com/photos/341837625/medium.jpg
sword-tussock-grass.jpg,Poa ensiformis,Poa ensiformis,cc-by-nc,"(c) jackiemiles, some rights reserved (CC BY-NC), uploaded by jackiemiles",https://inaturalist-open-data.s3.amazonaws.com/photos/172094611/medium.jpg
tall-bluebell.jpg,Wahlenbergia stricta,Wahlenbergia stricta,cc-by-nc-nd,"(c) Philip Bouchard, some rights reserved (CC BY-NC-ND)",https://inaturalist-open-data.s3.amazonaws.com/photos/137779/medium.jpg
tall-greenhood.jpg,Pterostylis longifolia,Pterostylis longifolia,cc-by-nc,"(c) izakschoon, some rights reserved (CC BY-NC), uploaded by izakschoon",https://inaturalist-open-data.s3.amazonaws.com/photos/87055824/medium.jpg
tall-rush.jpg,Juncus procerus,Juncus procerus,cc-by-sa,"(c) Colin Meurk, some rights reserved (CC BY-SA), uploaded by Colin Meurk",https://inaturalist-open-data.s3.amazonaws.com/photos/1204254/medium.
tall-saw-sedge.jpg,Gahnia clarkei,Gahnia clarkei,cc-by-nc,"(c) Wayne Martin, some rights reserved (CC BY-NC)",https://inaturalist-open-data.s3.amazonaws.com/photos/29300945/medium.jpeg
tall-sundew.jpg,Drosera peltata ssp. auriculata,Drosera auriculata,cc-by,"(c) ianrainbow, some rights reserved (CC BY), uploaded by ianrainbow",https://inaturalist-open-data.s3.amazonaws.com/photos/312116665/medium.jpeg
tall-sword-sedge.jpg,Lepidosperma elatius,Lepidosperma elatius,cc-by-nc-sa,"(c) Reiner Richter, some rights reserved (CC BY-NC-SA), uploaded by Reiner Richter",https://inaturalist-open-data.s3.amazonaws.com/photos/12724600/medium.jpeg
tangled-bedstraw.jpg,Galium australe,Galium australe,cc-by-nc,"(c) iancantle, some rights reserved (CC BY-NC)",https://inaturalist-open-data.s3.amazonaws.com/photos/11615769/medium.jpeg
tassel-rope-rush.jpg,Hypolaena fastigiata,Hypolaena fastigiata,cc-by-nc,"(c) davidsando, some rights reserved (CC BY-NC), uploaded by davidsando",https://inaturalist-open-data.s3.amazonaws.com/photos/456616377/medium.jpeg
thin-leaf-wattle.jpg,Acacia aculeatissima,Acacia aculeatissima,cc-by-nc-sa,"(c) Michael Keogh, some rights reserved (CC BY-NC-SA), uploaded by Michael Keogh",https://inaturalist-open-data.s3.amazonaws.com/photos/155815814/medium.jpeg
thyme-spurge.jpg,Phyllanthus hirtellus,Phyllanthus hirtellus,cc-by-sa,"(c) Greg Tasney, some rights reserved (CC BY-SA), uploaded by Greg Tasney",https://inaturalist-open-data.s3.amazonaws.com/photos/228369298/medium.jpeg
trailing-goodenia.jpg,Goodenia lanata,Goodenia lanata,cc-by-nc-nd,"(c) Bill Higham, some rights reserved (CC BY-NC-ND)",https://inaturalist-open-data.s3.amazonaws.com/photos/414486/medium.jpg
trailing-speedwell.jpg,Veronica plebeia,Veronica plebeia,cc-by-nc,"(c) george_seagull, some rights reserved (CC BY-NC)",https://inaturalist-open-data.s3.amazonaws.com/photos/334199304/medium.jpg
tree-everlasting.jpg,Ozothamnus ferrugineus,Ozothamnus ferrugineus,cc-by-nc-sa,"(c) Reiner Richter, some rights reserved (CC BY-NC-SA), uploaded by Reiner Richter",https://inaturalist-open-data.s3.amazonaws.com/photos/29912802/medium.jpeg
upright-guinea-flower.jpg,Hibbertia stricta,Hibbertia stricta,cc-by-nc-sa,"(c) BBCAlburyWodonga, some rights reserved (CC BY-NC-SA)",https://inaturalist-open-data.s3.amazonaws.com/photos/550423/medium.jpg
upright-water-milfoil.jpg,Myriophyllum crispatum,Myriophyllum crispatum,cc-by-nc,"(c) Nicholas Thoms, some rights reserved (CC BY-NC), uploaded by Nicholas Thoms",https://inaturalist-open-data.s3.amazonaws.com/photos/156874276/medium.jpg
variable-groundsel.jpg,Senecio lautus,Senecio lautus,cc-by-nc,"(c) tangatawhenua, some rights reserved (CC BY-NC), uploaded by tangatawhenua",https://inaturalist-open-data.s3.amazonaws.com/photos/5247409/medium.jpeg
variable-stinkweed.jpg,Opercularia varia,Opercularia varia,cc0,"no rights reserved, uploaded by corunastylis",https://inaturalist-open-data.s3.amazonaws.com/photos/364679454/medium.jpeg
variable-sword-sedge.jpg,Lepidosperma laterale var. majus,Lepidosperma laterale,cc-by-nc,"(c) Craig Robbins, some rights reserved (CC BY-NC), uploaded by Craig Robbins",https://inaturalist-open-data.s3.amazonaws.com/photos/125142532/medium.jpg
variable-willow-herb.jpg,Epilobium billardierianum,Epilobium billardiereanum,cc-by,"(c) Chris Lindorff, some rights reserved (CC BY), uploaded by Chris Lindorff",https://inaturalist-open-data.s3.amazonaws.com/photos/73938292/medium.jpeg
varnish-wattle.jpg,Acacia verniciflua,Acacia verniciflua,cc-by-nc-sa,"(c) Reiner Richter, some rights reserved (CC BY-NC-SA), uploaded by Reiner Richter",https://inaturalist-open-data.s3.amazonaws.com/photos/9681858/medium.jpeg
veined-spear-grass.jpg,Austrostipa rudis,Austrostipa rudis,cc-by-nc-sa,"(c) Tony Rodd, some rights reserved (CC BY-NC-SA)",https://inaturalist-open-data.s3.amazonaws.com/photos/56750250/medium.jpg
wattle-mat-rush.jpg,Lomandra filiformis,Lomandra filiformis,cc-by-nc-sa,"(c) Reiner Richter, some rights reserved (CC BY-NC-SA), uploaded by Reiner Richter",https://inaturalist-open-data.s3.amazonaws.com/photos/39896327/medium.jpeg
white-correa.jpg,Correa alba,Correa alba,cc-by-nc-sa,"(c) dracophylla, some rights reserved (CC BY-NC-SA)",https://inaturalist-open-data.s3.amazonaws.com/photos/216119/medium.jpg
white-sebaea.jpg,Sebaea albidiflora,Sebaea albidiflora,cc-by-nc-sa,"(c) Michael Keogh, some rights reserved (CC BY-NC-SA), uploaded by Michael Keogh",https://inaturalist-open-data.s3.amazonaws.com/photos/104460782/medium.jpeg
wing-pennywort.jpg,Hydrocotyle pterocarpa,Hydrocotyle pterocarpa,cc-by-nc,"(c) Leon Perrie, some rights reserved (CC BY-NC), uploaded by Leon Perrie",https://inaturalist-open-data.s3.amazonaws.com/photos/1693435/medium.jpg
wire-rapier-sedge.jpg,Lepidosperma semiteres,Lepidosperma semiteres,cc-by-nc,"(c) Ralph Foster, some rights reserved (CC BY-NC), uploaded by Ralph Foster",https://inaturalist-open-data.s3.amazonaws.com/photos/16327527/medium.jpeg
wirilda.jpg,Acacia retinodes,Acacia retinodes,cc-by-nc-nd,"(c) Vincent Brassinne, some rights reserved (CC BY-NC-ND)",https://inaturalist-open-data.s3.amazonaws.com/photos/98210/medium.jpg
wiry-spear-grass.jpg,Austrostipa muelleri,Austrostipa muelleri,cc-by-nc-sa,"(c) Reiner Richter, some rights reserved (CC BY-NC-SA), uploaded by Reiner Richter",https://inaturalist-open-data.s3.amazonaws.com/photos/27311385/medium.jpeg
woolly-tea-tree.jpg,Leptospermum lanigerum,Leptospermum lanigerum,cc-by-nc,"(c) matej_nolan, some rights reserved (CC BY-NC)",https://inaturalist-open-data.s3.amazonaws.com/photos/607313603/medium.jpg
yellow-box.jpg,Eucalyptus melliodora,Eucalyptus melliodora,cc-by-nc-sa,"(c) Michael Keogh, some rights reserved (CC BY-NC-SA), uploaded by Michael Keogh",https://inaturalist-open-data.s3.amazonaws.com/photos/95333941/medium.jpeg
yellow-gum.jpg,Eucalyptus leucoxylon,Eucalyptus leucoxylon,cc-by,"(c) Chris Lindorff, some rights reserved (CC BY), uploaded by Chris Lindorff",https://inaturalist-open-data.s3.amazonaws.com/photos/73988808/medium.jpeg
yellow-rush-lily.jpg,Tricoryne elatior,Tricoryne elatior,cc-by-nc-sa,"(c) Boobook48, some rights reserved (CC BY-NC-SA)",https://inaturalist-open-data.s3.amazonaws.com/photos/1330779/medium.jpg
beaded-glasswort.jpg,Sarcocornia quinqueflora,Salicornia quinqueflora,cc-by-nc,"(c) tangatawhenua, some rights reserved (CC BY-NC), uploaded by tangatawhenua",https://inaturalist-open-data.s3.amazonaws.com/photos/2774880/medium.JPG
bent-goodenia.jpg,Goodenia geniculata,Goodenia geniculata,cc-by,"(c) T. Hammer, some rights reserved (CC BY), uploaded by T. Hammer",https://inaturalist-open-data.s3.amazonaws.com/photos/165318991/medium.jpg
bushy-clubmoss.jpg,Lycopodium deuterodensum,Lycopodium deuterodensum,cc-by,"(c) Richard Dimon, some rights reserved (CC BY), uploaded by Richard Dimon",https://inaturalist-open-data.s3.amazonaws.com/photos/156833343/medium.jpeg
button-everlasting.jpg,Helichrysum scorpioides,Coronidium scorpioides,cc-by-nc,"(c) peterzuidland, some rights reserved (CC BY-NC), uploaded by peterzuidland",https://inaturalist-open-data.s3.amazonaws.com/photos/165748497/medium.jpeg
coast-tea-tree.jpg,Leptospermum laevigatum,Gaudium laevigatum,cc-by,"(c) Kevin Thiele, some rights reserved (CC BY)",https://inaturalist-open-data.s3.amazonaws.com/photos/86160292/medium.jpg
common-cassinia.jpg,Cassinia aculeata,Cassinia aculeata,cc-by-nc-nd,"(c) Alan Melville, some rights reserved (CC BY-NC-ND), uploaded by Alan Melville",https://inaturalist-open-data.s3.amazonaws.com/photos/63381395/medium.jpg
common-reed.jpg,Phragmites australis,Phragmites australis,cc-by-nc,"(c) Luca Boscain, some rights reserved (CC BY-NC), uploaded by Luca Boscain",https://inaturalist-open-data.s3.amazonaws.com/photos/590394681/medium.jpg
common-wallaby-grass.jpg,Austrodanthonia caespitosa,Rytidosperma caespitosum,cc-by,"(c) Kym Nicolson, some rights reserved (CC BY), uploaded by Kym Nicolson",https://inaturalist-open-data.s3.amazonaws.com/photos/177213896/medium.jpg
cranberry-heath.jpg,Astroloma humifusum,Styphelia humifusa,cc-by,"(c) grampianshiker, some rights reserved (CC BY)",https://inaturalist-open-data.s3.amazonaws.com/photos/382964436/medium.jpg
creeping-monkey-flower.jpg,Mimulus repens,Thyridia repens,cc-by,"(c) Jon Sullivan, some rights reserved (CC BY)",https://inaturalist-open-data.s3.amazonaws.com/photos/1184801/medium.jpg
dwarf-boronia.jpg,Boronia nana var. nana,Cyanothamnus nanus,cc-by-nc-sa,"(c) Reiner Richter, some rights reserved (CC BY-NC-SA), uploaded by Reiner Richter",https://inaturalist-open-data.s3.amazonaws.com/photos/61451320/medium.jpeg
forest-hounds-tongue.jpg,Austrocynoglossum latifolium,Hackelia latifolia,cc-by-nc-sa,"(c) Reiner Richter, some rights reserved (CC BY-NC-SA), uploaded by Reiner Richter",https://inaturalist-open-data.s3.amazonaws.com/photos/38011973/medium.jpeg
gristle-fern.jpg,Blechnum cartilagineum,Oceaniopteris cartilaginea,cc-by-nc-sa,"(c) Nick Lambert, some rights reserved (CC BY-NC-SA), uploaded by Nick Lambert",https://inaturalist-open-data.s3.amazonaws.com/photos/77351131/medium.jpeg
hairy-pennywort.jpg,Hydrocotyle hirta,Hydrocotyle hirta,cc-by-nc,"(c) Sharon Pearson, some rights reserved (CC BY-NC), uploaded by Sharon Pearson",https://inaturalist-open-data.s3.amazonaws.com/photos/113517676/medium.jpeg
hairy-rice-grass.jpg,Tetrarrhena distichophylla,Tetrarrhena distichophylla,cc-by-nc,"(c) Phil Collier, some rights reserved (CC BY-NC), uploaded by Phil Collier",https://inaturalist-open-data.s3.amazonaws.com/photos/460095496/medium.jpeg
hazel-pomaderris.jpg,Pomaderris aspera,Pomaderris aspera,cc-by-nc-sa,"(c) Reiner Richter, some rights reserved (CC BY-NC-SA), uploaded by Reiner Richter",https://inaturalist-open-data.s3.amazonaws.com/photos/56212133/medium.jpeg
heath-tea-tree.jpg,Leptospermum myrsinoides,Gaudium myrsinoides,cc-by-nc-sa,"(c) Reiner Richter, some rights reserved (CC BY-NC-SA), uploaded by Reiner Richter",https://inaturalist-open-data.s3.amazonaws.com/photos/27394954/medium.jpeg
heath-xanthosia.jpg,Xanthosia pusilla,Xanthosia huegelii,cc-by-nc,"(c) Wayne Martin, some rights reserved (CC BY-NC), uploaded by Wayne Martin",https://inaturalist-open-data.s3.amazonaws.com/photos/103320056/medium.jpg
hop-wattle.jpg,Acacia stricta,Acacia stricta,cc-by-nc-sa,"(c) Reiner Richter, some rights reserved (CC BY-NC-SA), uploaded by Reiner Richter",https://inaturalist-open-data.s3.amazonaws.com/photos/25985059/medium.jpeg
jointed-twig-rush.jpg,Baumea articulata,Machaerina articulata,cc-by-nc,"(c) Katy Johns, some rights reserved (CC BY-NC), uploaded by Katy Johns",https://inaturalist-open-data.s3.amazonaws.com/photos/2672555/medium.JPG
kneed-wallaby-grass.jpg,Austrodanthonia geniculata,Rytidosperma geniculatum,cc-by,"(c) Michael D. Pirie, some rights reserved (CC BY), uploaded by Michael D. Pirie",https://inaturalist-open-data.s3.amazonaws.com/photos/32165061/medium.jpeg
knobby-club-rush.jpg,Isolepis nodosa,Ficinia nodosa,cc-by-nc,"(c) lilhazza, some rights reserved (CC BY-NC)",https://inaturalist-open-data.s3.amazonaws.com/photos/63868602/medium.jpg
little-club-sedge.jpg,Isolepis marginata,Ficinia marginata,cc-by-nc,"(c) Gigi Laidler, some rights reserved (CC BY-NC), uploaded by Gigi Laidler",https://inaturalist-open-data.s3.amazonaws.com/photos/103746093/medium.jpeg
milkmaids.jpg,Burchardia umbellata,Burchardia umbellata,cc-by,"(c) Rod Lowther, some rights reserved (CC BY), uploaded by Rod Lowther",https://inaturalist-open-data.s3.amazonaws.com/photos/103713155/medium.jpeg
mother-shield-fern.jpg,Polystichum proliferum,Polystichum proliferum,cc-by-nc,"(c) Tindo2, some rights reserved (CC BY-NC)",https://inaturalist-open-data.s3.amazonaws.com/photos/1527891/medium.jpg
narrow-leaf-bitter-pea.jpg,Daviesia leptophylla,Daviesia leptophylla,cc-by-nc,"(c) ozzielabrat, some rights reserved (CC BY-NC), uploaded by ozzielabrat",https://inaturalist-open-data.s3.amazonaws.com/photos/326538800/medium.jpg
narrow-leaf-hop-bush.jpg,Daviesia leptophylla,Daviesia leptophylla,cc-by-nc,"(c) ozzielabrat, some rights reserved (CC BY-NC), uploaded by ozzielabrat",https://inaturalist-open-data.s3.amazonaws.com/photos/326538800/medium.jpg
purple-loosestrife.jpg,Lythrum salicaria,Lythrum salicaria,cc-by-nc,"(c) Nika Martynova, some rights reserved (CC BY-NC), uploaded by Nika Martynova",https://inaturalist-open-data.s3.amazonaws.com/photos/713413897/medium.jpg
reed-bent-grass.jpg,Deyeuxia quadriseta,Pentapogon quadrisetus,cc-by-nc,"(c) Danny Stuart, some rights reserved (CC BY-NC), uploaded by Danny Stuart",https://inaturalist-open-data.s3.amazonaws.com/photos/246152695/medium.jpeg
river-bottlebrush.jpg,Callistemon sieberi,Melaleuca paludicola,cc-by-nc-sa,"(c) Reiner Richter, some rights reserved (CC BY-NC-SA), uploaded by Reiner Richter",https://inaturalist-open-data.s3.amazonaws.com/photos/111171088/medium.jpeg
sea-celery.jpg,Apium prostratum ssp. prostratum,Apium prostratum,cc0,"no rights reserved, uploaded by Vale Jenny Conolly",https://inaturalist-open-data.s3.amazonaws.com/photos/28073406/medium.jpeg
shining-pennywort.jpg,Hydrocotyle sibthorpioides,Hydrocotyle sibthorpioides,cc-by,"(c) Michael J. Papay, some rights reserved (CC BY), uploaded by Michael J. Papay",https://inaturalist-open-data.s3.amazonaws.com/photos/298526962/medium.jpeg
shiny-swamp-mat.jpg,Selliera radicans,Goodenia radicans,cc-by,"(c) Jon Sullivan, some rights reserved (CC BY)",https://inaturalist-open-data.s3.amazonaws.com/photos/1195717/medium.jpg
shore-bindweed.jpg,Calystegia soldanella,Calystegia soldanella,cc-by-nc,"(c) Krylenko VV, some rights reserved (CC BY-NC), uploaded by Krylenko VV",https://inaturalist-open-data.s3.amazonaws.com/photos/281345883/medium.jpeg
silver-wattle.jpg,Acacia dealbata,Acacia dealbata,cc-by-sa,"(c) anonymous, some rights reserved (CC BY-SA)",https://inaturalist-open-data.s3.amazonaws.com/photos/48951270/medium.jpg
silvertop-wallaby-grass.jpg,Joycea pallida,Rytidosperma pallidum,cc-by-nc-sa,"(c) Reiner Richter, some rights reserved (CC BY-NC-SA), uploaded by Reiner Richter",https://inaturalist-open-data.s3.amazonaws.com/photos/57994331/medium.jpeg
soft-tussock-grass.jpg,Poa morrisii,Poa morrisii,cc-by-nc,"(c) suecee, some rights reserved (CC BY-NC), uploaded by suecee",https://inaturalist-open-data.s3.amazonaws.com/photos/229346859/medium.jpg
stinking-pennywort.jpg,Hydrocotyle laxiflora,Hydrocotyle laxiflora,cc-by,"(c) Donald Hobern, some rights reserved (CC BY)",https://inaturalist-open-data.s3.amazonaws.com/photos/1344294/medium.jpg
swamp-crassula.jpg,Crassula helmsii,Crassula helmsii,cc-by-nc,"(c) Jenny Emeny, some rights reserved (CC BY-NC), uploaded by Jenny Emeny",https://inaturalist-open-data.s3.amazonaws.com/photos/432880353/medium.jpeg
thatch-saw-sedge.jpg,Gahnia radula,Gahnia radula,cc-by-nc,"(c) suecee, some rights reserved (CC BY-NC), uploaded by suecee",https://inaturalist-open-data.s3.amazonaws.com/photos/155798903/medium.jpg
tree-violet.jpg,Hymenanthera dentata,Melicytus dentatus,cc-by-nc,"(c) Helen Schofield, some rights reserved (CC BY-NC), uploaded by Helen Schofield",https://inaturalist-open-data.s3.amazonaws.com/photos/317552723/medium.jpeg
victorian-christmas-bush.jpg,Prostanthera lasianthos,Prostanthera lasianthos,cc-by-nc-sa,"(c) Reiner Richter, some rights reserved (CC BY-NC-SA), uploaded by Reiner Richter",https://inaturalist-open-data.s3.amazonaws.com/photos/57740320/medium.jpeg
water-ribbons.jpg,Triglochin procerum,Cycnogeton procerus,cc-by-nc-sa,"(c) Reiner Richter, some rights reserved (CC BY-NC-SA), uploaded by Reiner Richter",https://inaturalist-open-data.s3.amazonaws.com/photos/28829043/medium.jpeg
white-elderberry.jpg,Sambucus gaudichaudiana,Sambucus gaudichaudiana,cc-by-nc-sa,"(c) Reiner Richter, some rights reserved (CC BY-NC-SA), uploaded by Reiner Richter",https://inaturalist-open-data.s3.amazonaws.com/photos/348966442/medium.jpeg
white-top-wallaby-grass.jpg,Austrodanthonia caespitosa,Rytidosperma caespitosum,cc-by,"(c) Kym Nicolson, some rights reserved (CC BY), uploaded by Kym Nicolson",https://inaturalist-open-data.s3.amazonaws.com/photos/177213896/medium.jpg
